title,address,access,age,floor,fee,management_fee,deposit,gratuity,madori,menseki
都営大江戸線 西新宿五丁目駅 3階建 築26年,東京都新宿区西新宿４,"
都営大江戸線/西新宿五丁目駅 歩5分
京王新線/初台駅 歩11分
ＪＲ山手線/新宿駅 歩15分
","
築26年
3階建
","
											1-3階",48万円,-,48万円,24万円,7LDK,130.47m2
都営大江戸線 西新宿五丁目駅 3階建 築26年,東京都新宿区西新宿４,"
都営大江戸線/西新宿五丁目駅 歩5分
京王新線/初台駅 歩11分
ＪＲ山手線/新宿駅 歩15分
","
築26年
3階建
","
											1-3階",48万円,-,48万円,24万円,7LDK,130.47m2
ザ・パークハウス市谷加賀町,東京都新宿区市谷加賀町２,"
都営大江戸線/牛込柳町駅 歩4分
都営新宿線/曙橋駅 歩12分
東京メトロ東西線/神楽坂駅 歩14分
","
築9年
地下1地上5階建
","
											5階",35万円,25000円,35万円,35万円,3LDK,84.27m2
ザ・パークハウス市谷加賀町レジデンス,東京都新宿区市谷加賀町１,"
都営大江戸線/牛込柳町駅 歩6分
都営大江戸線/牛込神楽坂駅 歩8分
東京メトロ南北線/市ケ谷駅 歩11分
","
新築
地下1地上7階建
","
											1階",32万円,15000円,64万円,32万円,2LDK,60.37m2
ザ・パークハウス市谷加賀町レジデンス,東京都新宿区市谷加賀町１,"
都営大江戸線/牛込柳町駅 歩6分
都営大江戸線/牛込神楽坂駅 歩8分
東京メトロ南北線/市ケ谷駅 歩11分
","
新築
地下1地上7階建
","
											3階",34.5万円,-,34.5万円,34.5万円,2LDK,60.37m2
ザ・パークハウス市谷加賀町レジデンス,東京都新宿区市谷加賀町１,"
都営大江戸線/牛込柳町駅 歩6分
都営大江戸線/牛込神楽坂駅 歩8分
東京メトロ南北線/市ケ谷駅 歩11分
","
新築
地下1地上7階建
","
											5階",34万円,10000円,34万円,34万円,3LDK,71.75m2
ザ・パークハウス市谷加賀町レジデンス,東京都新宿区市谷加賀町１,"
都営大江戸線/牛込柳町駅 歩6分
都営大江戸線/牛込神楽坂駅 歩8分
東京メトロ南北線/市ケ谷駅 歩11分
","
新築
地下1地上7階建
","
											5階",34万円,10000円,34万円,34万円,3LDK,71.75m2
ザ・パークハウス市谷加賀町レジデンス,東京都新宿区市谷加賀町１,"
都営大江戸線/牛込柳町駅 歩6分
都営大江戸線/牛込神楽坂駅 歩8分
東京メトロ南北線/市ケ谷駅 歩11分
","
新築
地下1地上7階建
","
											4階",35万円,20000円,35万円,35万円,3LDK,73.41m2
ザ・パークハウス市谷加賀町レジデンス,東京都新宿区市谷加賀町１,"
都営大江戸線/牛込柳町駅 歩6分
都営大江戸線/牛込神楽坂駅 歩8分
東京メトロ南北線/市ケ谷駅 歩11分
","
新築
地下1地上7階建
","
											4階",37.5万円,-,37.5万円,-,3LDK,77.55m2
センテナリオ市谷二十騎町,東京都新宿区二十騎町,"
都営大江戸線/牛込柳町駅 歩5分
東京メトロ東西線/神楽坂駅 歩12分
東京メトロ南北線/市ケ谷駅 歩13分
","
築4年
5階建
","
											3階",10.5万円,8000円,10.5万円,-,1K,25.72m2
センテナリオ市谷二十騎町,東京都新宿区二十騎町,"
都営大江戸線/牛込柳町駅 歩5分
東京メトロ東西線/神楽坂駅 歩12分
東京メトロ南北線/市ケ谷駅 歩13分
","
築4年
5階建
","
											3階",11.2万円,8000円,11.2万円,11.2万円,1K,25.72m2
センテナリオ市谷二十騎町,東京都新宿区二十騎町,"
都営大江戸線/牛込柳町駅 歩5分
東京メトロ東西線/神楽坂駅 歩12分
東京メトロ南北線/市ケ谷駅 歩13分
","
築4年
5階建
","
											5階",24万円,15000円,24万円,-,2LDK,51.81m2
センテナリオ市谷二十騎町,東京都新宿区二十騎町,"
都営大江戸線/牛込柳町駅 歩5分
東京メトロ東西線/神楽坂駅 歩12分
東京メトロ南北線/市ケ谷駅 歩13分
","
築4年
5階建
","
											5階",24.5万円,15000円,24.5万円,-,2LDK,51.81m2
センテナリオ市谷二十騎町,東京都新宿区二十騎町,"
都営大江戸線/牛込柳町駅 歩5分
東京メトロ東西線/神楽坂駅 歩12分
東京メトロ南北線/市ケ谷駅 歩13分
","
築4年
5階建
","
											5階",26.4万円,15000円,26.4万円,-,2LDK,56.63m2
センテナリオ市谷二十騎町,東京都新宿区二十騎町,"
都営大江戸線/牛込柳町駅 歩5分
東京メトロ東西線/神楽坂駅 歩12分
東京メトロ南北線/市ケ谷駅 歩13分
","
築4年
5階建
","
											5階",27万円,15000円,27万円,27万円,2LDK,56.63m2
東京メトロ南北線 飯田橋駅 13階建 築4年,東京都新宿区新小川町,"
東京メトロ南北線/飯田橋駅 歩4分
東京メトロ丸ノ内線/後楽園駅 歩10分
東京メトロ東西線/神楽坂駅 歩11分
","
築4年
13階建
","
											2階",12.3万円,10000円,12.3万円,-,1K,25.88m2
東京メトロ南北線 飯田橋駅 13階建 築4年,東京都新宿区新小川町,"
東京メトロ南北線/飯田橋駅 歩4分
東京メトロ丸ノ内線/後楽園駅 歩10分
東京メトロ東西線/神楽坂駅 歩11分
","
築4年
13階建
","
											5階",12.3万円,10000円,12.3万円,-,1K,25.88m2
東京メトロ南北線 飯田橋駅 13階建 築4年,東京都新宿区新小川町,"
東京メトロ南北線/飯田橋駅 歩4分
東京メトロ丸ノ内線/後楽園駅 歩10分
東京メトロ東西線/神楽坂駅 歩11分
","
築4年
13階建
","
											2階",12.5万円,10000円,12.5万円,-,1K,25.88m2
東京メトロ南北線 飯田橋駅 13階建 築4年,東京都新宿区新小川町,"
東京メトロ南北線/飯田橋駅 歩4分
東京メトロ丸ノ内線/後楽園駅 歩10分
東京メトロ東西線/神楽坂駅 歩11分
","
築4年
13階建
","
											7階",12.5万円,10000円,12.5万円,-,1K,25.88m2
東京メトロ南北線 飯田橋駅 13階建 築4年,東京都新宿区新小川町,"
東京メトロ南北線/飯田橋駅 歩4分
東京メトロ丸ノ内線/後楽園駅 歩10分
東京メトロ東西線/神楽坂駅 歩11分
","
築4年
13階建
","
											10階",12.7万円,10000円,12.7万円,-,1K,26.32m2
東京メトロ南北線 飯田橋駅 13階建 築4年,東京都新宿区新小川町,"
東京メトロ南北線/飯田橋駅 歩4分
東京メトロ丸ノ内線/後楽園駅 歩10分
東京メトロ東西線/神楽坂駅 歩11分
","
築4年
13階建
","
											1階",23.9万円,15000円,23.9万円,-,2LDK,52.16m2
東京メトロ南北線 飯田橋駅 13階建 築4年,東京都新宿区新小川町,"
東京メトロ南北線/飯田橋駅 歩4分
東京メトロ丸ノ内線/後楽園駅 歩10分
東京メトロ東西線/神楽坂駅 歩11分
","
築4年
13階建
","
											2階",24.4万円,15000円,24.4万円,-,2LDK,52.2m2
東京メトロ南北線 飯田橋駅 13階建 築4年,東京都新宿区新小川町,"
東京メトロ南北線/飯田橋駅 歩4分
東京メトロ丸ノ内線/後楽園駅 歩10分
東京メトロ東西線/神楽坂駅 歩11分
","
築4年
13階建
","
											1階",25万円,15000円,25万円,-,2LDK,52.16m2
東京メトロ南北線 飯田橋駅 13階建 築4年,東京都新宿区新小川町,"
東京メトロ南北線/飯田橋駅 歩4分
東京メトロ丸ノ内線/後楽園駅 歩10分
東京メトロ東西線/神楽坂駅 歩11分
","
築4年
13階建
","
											2階",25.4万円,15000円,25.4万円,-,2LDK,50.8m2
東京メトロ南北線 飯田橋駅 13階建 築4年,東京都新宿区新小川町,"
東京メトロ南北線/飯田橋駅 歩4分
東京メトロ丸ノ内線/後楽園駅 歩10分
東京メトロ東西線/神楽坂駅 歩11分
","
築4年
13階建
","
											2階",25.4万円,15000円,25.4万円,-,2LDK,50.8m2
東京メトロ南北線 飯田橋駅 13階建 築4年,東京都新宿区新小川町,"
東京メトロ南北線/飯田橋駅 歩4分
東京メトロ丸ノ内線/後楽園駅 歩10分
東京メトロ東西線/神楽坂駅 歩11分
","
築4年
13階建
","
											10階",27.4万円,15000円,27.4万円,-,2LDK,52.16m2
東京メトロ南北線 飯田橋駅 13階建 築4年,東京都新宿区新小川町,"
東京メトロ南北線/飯田橋駅 歩4分
東京メトロ丸ノ内線/後楽園駅 歩10分
東京メトロ東西線/神楽坂駅 歩11分
","
築4年
13階建
","
											11階",27.6万円,15000円,27.6万円,-,2LDK,52.16m2
東京メトロ南北線 飯田橋駅 13階建 築4年,東京都新宿区新小川町,"
東京メトロ南北線/飯田橋駅 歩4分
東京メトロ丸ノ内線/後楽園駅 歩10分
東京メトロ東西線/神楽坂駅 歩11分
","
築4年
13階建
","
											10階",27.6万円,15000円,27.6万円,-,2LDK,52.16m2
レジディア市ヶ谷,東京都新宿区市谷本村町,"
東京メトロ有楽町線/市ケ谷駅 歩5分
東京メトロ南北線/市ケ谷駅 歩5分
ＪＲ総武線/四ツ谷駅 歩6分
","
築18年
地下1地上14階建
","
											7階",10.8万円,10000円,10.8万円,10.8万円,1K,21.42m2
レジディア市ヶ谷,東京都新宿区市谷本村町,"
東京メトロ有楽町線/市ケ谷駅 歩5分
東京メトロ南北線/市ケ谷駅 歩5分
ＪＲ総武線/四ツ谷駅 歩6分
","
築18年
地下1地上14階建
","
											3階",15.8万円,10000円,15.8万円,-,1LDK,37.65m2
レジディア市ヶ谷,東京都新宿区市谷本村町,"
東京メトロ有楽町線/市ケ谷駅 歩5分
東京メトロ南北線/市ケ谷駅 歩5分
ＪＲ総武線/四ツ谷駅 歩6分
","
築18年
地下1地上14階建
","
											7階",16.2万円,10000円,16.2万円,16.2万円,1LDK,37.65m2
レジディア市ヶ谷,東京都新宿区市谷本村町,"
東京メトロ有楽町線/市ケ谷駅 歩5分
東京メトロ南北線/市ケ谷駅 歩5分
ＪＲ総武線/四ツ谷駅 歩6分
","
築18年
地下1地上14階建
","
											9階",16.4万円,10000円,16.4万円,16.4万円,1LDK,37.65m2
レジディア市ヶ谷,東京都新宿区市谷本村町,"
東京メトロ有楽町線/市ケ谷駅 歩5分
東京メトロ南北線/市ケ谷駅 歩5分
ＪＲ総武線/四ツ谷駅 歩6分
","
築18年
地下1地上14階建
","
											9階",23.7万円,15000円,23.7万円,23.7万円,2LDK,53.1m2
レジディア市ヶ谷,東京都新宿区市谷本村町,"
東京メトロ有楽町線/市ケ谷駅 歩5分
東京メトロ南北線/市ケ谷駅 歩5分
ＪＲ総武線/四ツ谷駅 歩6分
","
築18年
地下1地上14階建
","
											6階",25.3万円,15000円,25.3万円,25.3万円,2LDK,56.5m2
KURA牛込柳町,東京都新宿区原町１,"
都営大江戸線/牛込柳町駅 歩4分
東京メトロ東西線/早稲田駅 歩9分
都営大江戸線/若松河田駅 歩12分
","
築1年
地下1地上3階建
","
											1階",11.6万円,5000円,11.6万円,-,1LDK,30.34m2
KURA牛込柳町,東京都新宿区原町１,"
都営大江戸線/牛込柳町駅 歩4分
東京メトロ東西線/早稲田駅 歩9分
都営大江戸線/若松河田駅 歩12分
","
築1年
地下1地上3階建
","
											B1階",11.6万円,5000円,11.6万円,-,1LDK,30.34m2
KURA牛込柳町,東京都新宿区原町１,"
都営大江戸線/牛込柳町駅 歩4分
東京メトロ東西線/早稲田駅 歩9分
都営大江戸線/若松河田駅 歩12分
","
築1年
地下1地上3階建
","
											1階",11.6万円,5000円,11.6万円,-,1LDK,30.34m2
KURA牛込柳町,東京都新宿区原町１,"
都営大江戸線/牛込柳町駅 歩4分
東京メトロ東西線/早稲田駅 歩9分
都営大江戸線/若松河田駅 歩12分
","
築1年
地下1地上3階建
","
											3階",13.3万円,5000円,13.3万円,-,1LDK,31.8m2
ハイグラウンド神楽坂,東京都新宿区白銀町,"
都営大江戸線/牛込神楽坂駅 歩4分
東京メトロ東西線/神楽坂駅 歩5分
ＪＲ中央線/飯田橋駅 歩6分
","
新築
12階建
","
											1階",19.9万円,-,19.9万円,19.9万円,1LDK,41.59m2
ハイグラウンド神楽坂,東京都新宿区白銀町,"
都営大江戸線/牛込神楽坂駅 歩4分
東京メトロ東西線/神楽坂駅 歩5分
ＪＲ中央線/飯田橋駅 歩6分
","
新築
12階建
","
											2階",20.2万円,-,20.2万円,20.2万円,1SLDK,41.59m2
ハイグラウンド神楽坂,東京都新宿区白銀町,"
都営大江戸線/牛込神楽坂駅 歩4分
東京メトロ東西線/神楽坂駅 歩5分
ＪＲ中央線/飯田橋駅 歩6分
","
新築
12階建
","
											4階",20.4万円,-,20.4万円,20.4万円,1LDK,41.59m2
ハイグラウンド神楽坂,東京都新宿区白銀町,"
都営大江戸線/牛込神楽坂駅 歩4分
東京メトロ東西線/神楽坂駅 歩5分
ＪＲ中央線/飯田橋駅 歩6分
","
新築
12階建
","
											6階",20.6万円,-,20.6万円,20.6万円,1LDK,41.59m2
ハイグラウンド神楽坂,東京都新宿区白銀町,"
都営大江戸線/牛込神楽坂駅 歩4分
東京メトロ東西線/神楽坂駅 歩5分
ＪＲ中央線/飯田橋駅 歩6分
","
新築
12階建
","
											7階",20.7万円,-,20.7万円,20.7万円,1SLDK,41.59m2
ハイグラウンド神楽坂,東京都新宿区白銀町,"
都営大江戸線/牛込神楽坂駅 歩4分
東京メトロ東西線/神楽坂駅 歩5分
ＪＲ中央線/飯田橋駅 歩6分
","
新築
12階建
","
											8階",20.8万円,-,20.8万円,20.8万円,1LDK,41.59m2
ハイグラウンド神楽坂,東京都新宿区白銀町,"
都営大江戸線/牛込神楽坂駅 歩4分
東京メトロ東西線/神楽坂駅 歩5分
ＪＲ中央線/飯田橋駅 歩6分
","
新築
12階建
","
											9階",20.9万円,-,20.9万円,20.9万円,1LDK,41.59m2
ハイグラウンド神楽坂,東京都新宿区白銀町,"
都営大江戸線/牛込神楽坂駅 歩4分
東京メトロ東西線/神楽坂駅 歩5分
ＪＲ中央線/飯田橋駅 歩6分
","
新築
12階建
","
											1階",26.9万円,-,26.9万円,26.9万円,2LDK,56.18m2
ハイグラウンド神楽坂,東京都新宿区白銀町,"
都営大江戸線/牛込神楽坂駅 歩4分
東京メトロ東西線/神楽坂駅 歩5分
ＪＲ中央線/飯田橋駅 歩6分
","
新築
12階建
","
											2階",27.2万円,-,27.2万円,27.2万円,2LDK,56.18m2
ハイグラウンド神楽坂,東京都新宿区白銀町,"
都営大江戸線/牛込神楽坂駅 歩4分
東京メトロ東西線/神楽坂駅 歩5分
ＪＲ中央線/飯田橋駅 歩6分
","
新築
12階建
","
											3階",27.3万円,-,27.3万円,27.3万円,2LDK,56.18m2
ハイグラウンド神楽坂,東京都新宿区白銀町,"
都営大江戸線/牛込神楽坂駅 歩4分
東京メトロ東西線/神楽坂駅 歩5分
ＪＲ中央線/飯田橋駅 歩6分
","
新築
12階建
","
											3階",27.3万円,-,27.3万円,27.3万円,2LDK,56.18m2
ハイグラウンド神楽坂,東京都新宿区白銀町,"
都営大江戸線/牛込神楽坂駅 歩4分
東京メトロ東西線/神楽坂駅 歩5分
ＪＲ中央線/飯田橋駅 歩6分
","
新築
12階建
","
											2階",27.7万円,-,27.7万円,27.7万円,2SLDK,56.18m2
ハイグラウンド神楽坂,東京都新宿区白銀町,"
都営大江戸線/牛込神楽坂駅 歩4分
東京メトロ東西線/神楽坂駅 歩5分
ＪＲ中央線/飯田橋駅 歩6分
","
新築
12階建
","
											3階",27.8万円,-,27.8万円,27.8万円,2SLDK,56.18m2
ハイグラウンド神楽坂,東京都新宿区白銀町,"
都営大江戸線/牛込神楽坂駅 歩4分
東京メトロ東西線/神楽坂駅 歩5分
ＪＲ中央線/飯田橋駅 歩6分
","
新築
12階建
","
											7階",28.2万円,-,28.2万円,28.2万円,2LDK,56.18m2
都営大江戸線 牛込神楽坂駅 12階建 新築,東京都新宿区白銀町,"
都営大江戸線/牛込神楽坂駅 歩4分
東京メトロ東西線/神楽坂駅 歩5分
東京メトロ有楽町線/飯田橋駅 歩6分
","
新築
12階建
","
											1階",19.9万円,-,19.9万円,19.9万円,1LDK,41.59m2
都営大江戸線 牛込神楽坂駅 12階建 新築,東京都新宿区白銀町,"
都営大江戸線/牛込神楽坂駅 歩4分
東京メトロ東西線/神楽坂駅 歩5分
東京メトロ有楽町線/飯田橋駅 歩6分
","
新築
12階建
","
											4階",20.4万円,-,20.4万円,20.4万円,1LDK,41.59m2
都営大江戸線 牛込神楽坂駅 12階建 新築,東京都新宿区白銀町,"
都営大江戸線/牛込神楽坂駅 歩4分
東京メトロ東西線/神楽坂駅 歩5分
東京メトロ有楽町線/飯田橋駅 歩6分
","
新築
12階建
","
											5階",20.5万円,-,20.5万円,20.5万円,1LDK,41.59m2
都営大江戸線 牛込神楽坂駅 12階建 新築,東京都新宿区白銀町,"
都営大江戸線/牛込神楽坂駅 歩4分
東京メトロ東西線/神楽坂駅 歩5分
東京メトロ有楽町線/飯田橋駅 歩6分
","
新築
12階建
","
											6階",20.6万円,-,20.6万円,20.6万円,1LDK,41.59m2
都営大江戸線 牛込神楽坂駅 12階建 新築,東京都新宿区白銀町,"
都営大江戸線/牛込神楽坂駅 歩4分
東京メトロ東西線/神楽坂駅 歩5分
東京メトロ有楽町線/飯田橋駅 歩6分
","
新築
12階建
","
											8階",20.8万円,-,20.8万円,20.8万円,1LDK,41.59m2
都営大江戸線 牛込神楽坂駅 12階建 新築,東京都新宿区白銀町,"
都営大江戸線/牛込神楽坂駅 歩4分
東京メトロ東西線/神楽坂駅 歩5分
東京メトロ有楽町線/飯田橋駅 歩6分
","
新築
12階建
","
											1階",26.9万円,-,26.9万円,26.9万円,2LDK,56.18m2
都営大江戸線 牛込神楽坂駅 12階建 新築,東京都新宿区白銀町,"
都営大江戸線/牛込神楽坂駅 歩4分
東京メトロ東西線/神楽坂駅 歩5分
東京メトロ有楽町線/飯田橋駅 歩6分
","
新築
12階建
","
											2階",27.2万円,-,27.2万円,27.2万円,2LDK,56.18m2
都営大江戸線 牛込神楽坂駅 12階建 新築,東京都新宿区白銀町,"
都営大江戸線/牛込神楽坂駅 歩4分
東京メトロ東西線/神楽坂駅 歩5分
東京メトロ有楽町線/飯田橋駅 歩6分
","
新築
12階建
","
											3階",27.3万円,-,27.3万円,27.3万円,2LDK,56.18m2
都営大江戸線 牛込神楽坂駅 12階建 新築,東京都新宿区白銀町,"
都営大江戸線/牛込神楽坂駅 歩4分
東京メトロ東西線/神楽坂駅 歩5分
東京メトロ有楽町線/飯田橋駅 歩6分
","
新築
12階建
","
											3階",27.3万円,-,27.3万円,27.3万円,2LDK,56.18m2
都営大江戸線 牛込神楽坂駅 12階建 新築,東京都新宿区白銀町,"
都営大江戸線/牛込神楽坂駅 歩4分
東京メトロ東西線/神楽坂駅 歩5分
東京メトロ有楽町線/飯田橋駅 歩6分
","
新築
12階建
","
											7階",28.2万円,-,28.2万円,28.2万円,2LDK,56.18m2
都営大江戸線 牛込神楽坂駅 12階建 新築,東京都新宿区白銀町,"
都営大江戸線/牛込神楽坂駅 歩4分
東京メトロ東西線/神楽坂駅 歩5分
東京メトロ有楽町線/飯田橋駅 歩6分
","
新築
12階建
","
											8階",28.3万円,-,28.3万円,28.3万円,2LDK,56.18m2
グランハイツ曙橋,東京都新宿区住吉町,"
都営新宿線/曙橋駅 歩4分
東京メトロ丸ノ内線/四谷三丁目駅 歩8分
都営大江戸線/若松河田駅 歩15分
","
築3年
14階建
","
											6階",11.2万円,10000円,11.2万円,11.2万円,1K,26.21m2
グランハイツ曙橋,東京都新宿区住吉町,"
都営新宿線/曙橋駅 歩4分
東京メトロ丸ノ内線/四谷三丁目駅 歩8分
都営大江戸線/若松河田駅 歩15分
","
築3年
14階建
","
											6階",14.2万円,10000円,14.2万円,-,1LDK,33.55m2
グランハイツ曙橋,東京都新宿区住吉町,"
都営新宿線/曙橋駅 歩4分
東京メトロ丸ノ内線/四谷三丁目駅 歩8分
都営大江戸線/若松河田駅 歩15分
","
築3年
14階建
","
											8階",14.3万円,10000円,14.3万円,-,1LDK,33.55m2
グランハイツ曙橋,東京都新宿区住吉町,"
都営新宿線/曙橋駅 歩4分
東京メトロ丸ノ内線/四谷三丁目駅 歩8分
都営大江戸線/若松河田駅 歩15分
","
築3年
14階建
","
											11階",14.5万円,10000円,14.5万円,-,1LDK,33.55m2
グランハイツ曙橋,東京都新宿区住吉町,"
都営新宿線/曙橋駅 歩4分
東京メトロ丸ノ内線/四谷三丁目駅 歩8分
都営大江戸線/若松河田駅 歩15分
","
築3年
14階建
","
											6階",14.5万円,10000円,14.5万円,-,1LDK,33.55m2
グランハイツ曙橋,東京都新宿区住吉町,"
都営新宿線/曙橋駅 歩4分
東京メトロ丸ノ内線/四谷三丁目駅 歩8分
都営大江戸線/若松河田駅 歩15分
","
築3年
14階建
","
											8階",14.6万円,10000円,14.6万円,-,1LDK,33.55m2
グランハイツ曙橋,東京都新宿区住吉町,"
都営新宿線/曙橋駅 歩4分
東京メトロ丸ノ内線/四谷三丁目駅 歩8分
都営大江戸線/若松河田駅 歩15分
","
築3年
14階建
","
											11階",14.8万円,10000円,14.8万円,14.8万円,1LDK,33.55m2
神楽坂南町ハウス,東京都新宿区南町,"
都営大江戸線/牛込神楽坂駅 歩4分
東京メトロ東西線/神楽坂駅 歩10分
東京メトロ有楽町線/飯田橋駅 歩8分
","
築12年
地下1地上6階建
","
											4階",14.5万円,10000円,14.5万円,-,1DK,31.44m2
神楽坂南町ハウス,東京都新宿区南町,"
都営大江戸線/牛込神楽坂駅 歩4分
東京メトロ東西線/神楽坂駅 歩10分
東京メトロ有楽町線/飯田橋駅 歩8分
","
築12年
地下1地上6階建
","
											1階",15.5万円,10000円,15.5万円,-,1DK,37.18m2
神楽坂南町ハウス,東京都新宿区南町,"
都営大江戸線/牛込神楽坂駅 歩4分
東京メトロ東西線/神楽坂駅 歩10分
東京メトロ有楽町線/飯田橋駅 歩8分
","
築12年
地下1地上6階建
","
											2階",15.8万円,10000円,15.8万円,15.8万円,1DK,31.44m2
神楽坂南町ハウス,東京都新宿区南町,"
都営大江戸線/牛込神楽坂駅 歩4分
東京メトロ東西線/神楽坂駅 歩10分
東京メトロ有楽町線/飯田橋駅 歩8分
","
築12年
地下1地上6階建
","
											2階",15.8万円,10000円,15.8万円,15.8万円,1DK,31.44m2
神楽坂南町ハウス,東京都新宿区南町,"
都営大江戸線/牛込神楽坂駅 歩4分
東京メトロ東西線/神楽坂駅 歩10分
東京メトロ有楽町線/飯田橋駅 歩8分
","
築12年
地下1地上6階建
","
											4階",18.5万円,10000円,18.5万円,27.75万円,1LDK,38.72m2
神楽坂南町ハウス,東京都新宿区南町,"
都営大江戸線/牛込神楽坂駅 歩4分
東京メトロ東西線/神楽坂駅 歩10分
東京メトロ有楽町線/飯田橋駅 歩8分
","
築12年
地下1地上6階建
","
											4階",19.4万円,10000円,19.4万円,19.4万円,1LDK,47.55m2
神楽坂南町ハウス,東京都新宿区南町,"
都営大江戸線/牛込神楽坂駅 歩4分
東京メトロ東西線/神楽坂駅 歩10分
東京メトロ有楽町線/飯田橋駅 歩8分
","
築12年
地下1地上6階建
","
											4階",19.5万円,10000円,19.5万円,29.25万円,1LDK,47.56m2
神楽坂南町ハウス,東京都新宿区南町,"
都営大江戸線/牛込神楽坂駅 歩4分
東京メトロ東西線/神楽坂駅 歩10分
東京メトロ有楽町線/飯田橋駅 歩8分
","
築12年
地下1地上6階建
","
											2階",23.3万円,12000円,23.3万円,34.95万円,2LDK,54.88m2
神楽坂南町ハウス,東京都新宿区南町,"
都営大江戸線/牛込神楽坂駅 歩4分
東京メトロ東西線/神楽坂駅 歩10分
東京メトロ有楽町線/飯田橋駅 歩8分
","
築12年
地下1地上6階建
","
											2階",23.3万円,12000円,23.3万円,34.95万円,2LDK,54.88m2
神楽坂南町ハウス,東京都新宿区南町,"
都営大江戸線/牛込神楽坂駅 歩4分
東京メトロ東西線/神楽坂駅 歩10分
東京メトロ有楽町線/飯田橋駅 歩8分
","
築12年
地下1地上6階建
","
											2階",23.8万円,10000円,23.8万円,47.6万円,2LDK,53.96m2
神楽坂南町ハウス,東京都新宿区南町,"
都営大江戸線/牛込神楽坂駅 歩4分
東京メトロ東西線/神楽坂駅 歩10分
東京メトロ有楽町線/飯田橋駅 歩8分
","
築12年
地下1地上6階建
","
											6階",29.7万円,12000円,29.7万円,44.55万円,2LDK,72.72m2
西武新宿線 下落合駅 2階建 築25年,東京都新宿区下落合４,"
西武新宿線/下落合駅 歩7分
ＪＲ山手線/高田馬場駅 歩9分
西武池袋線/椎名町駅 歩18分
","
築25年
2階建
","
											2階",12万円,-,12万円,-,2LDK,44m2
ロジェ銀星,東京都新宿区津久戸町,"
東京メトロ有楽町線/飯田橋駅 歩4分
ＪＲ中央線/飯田橋駅 歩6分
都営大江戸線/牛込神楽坂駅 歩8分
","
築8年
3階建
","
											3階",16.7万円,3000円,8.35万円,16.7万円,1LDK,46.33m2
藤和シティホームズ新宿余丁町,東京都新宿区余丁町,"
都営大江戸線/若松河田駅 歩6分
都営大江戸線/東新宿駅 歩6分
都営新宿線/曙橋駅 歩12分
","
築28年
地下1地上8階建
","
											3階",15.9万円,9000円,15.9万円,15.9万円,2LDK,50.96m2
藤和シティホームズ新宿余丁町,東京都新宿区余丁町,"
都営大江戸線/若松河田駅 歩6分
都営大江戸線/東新宿駅 歩6分
都営新宿線/曙橋駅 歩12分
","
築28年
地下1地上8階建
","
											2階",16.2万円,8000円,32.4万円,16.2万円,2LDK,50.96m2
ケーハウス四谷,東京都新宿区内藤町,"
東京メトロ丸ノ内線/新宿御苑前駅 歩6分
東京メトロ丸ノ内線/四谷三丁目駅 歩7分
ＪＲ中央線/千駄ケ谷駅 歩13分
","
築8年
5階建
","
											3階",17.2万円,8000円,17.2万円,17.2万円,1LDK,40.34m2
ケーハウス四谷,東京都新宿区内藤町,"
東京メトロ丸ノ内線/新宿御苑前駅 歩6分
東京メトロ丸ノ内線/四谷三丁目駅 歩7分
ＪＲ中央線/千駄ケ谷駅 歩13分
","
築8年
5階建
","
											3階",17.2万円,8000円,17.2万円,17.2万円,1LDK,40.08m2
ブルソール信濃町,東京都新宿区南元町,"
ＪＲ中央線/信濃町駅 歩6分
ＪＲ中央線/四ツ谷駅 歩12分
都営大江戸線/国立競技場駅 歩11分
","
築13年
地下1地上5階建
","
											2階",16.7万円,11000円,-,8.35万円,1LDK,47.46m2
東京メトロ丸ノ内線 四谷三丁目駅 地下1地上14階建 築5年,東京都新宿区荒木町,"
東京メトロ丸ノ内線/四谷三丁目駅 歩5分
東京メトロ南北線/四ツ谷駅 歩9分
都営新宿線/曙橋駅 歩6分
","
築5年
地下1地上14階建
","
											8階",22.9万円,10000円,22.9万円,22.9万円,1LDK,47.01m2
東京メトロ丸ノ内線 四谷三丁目駅 地下1地上14階建 築5年,東京都新宿区荒木町,"
東京メトロ丸ノ内線/四谷三丁目駅 歩5分
東京メトロ南北線/四ツ谷駅 歩9分
都営新宿線/曙橋駅 歩6分
","
築5年
地下1地上14階建
","
											8階",23.4万円,10000円,23.4万円,23.4万円,1LDK,47.01m2
ズーム新宿夏目坂,東京都新宿区若松町,"
都営大江戸線/若松河田駅 歩4分
都営大江戸線/牛込柳町駅 歩6分
東京メトロ東西線/早稲田駅 歩7分
","
築3年
10階建
","
											2階",14.8万円,7000円,14.8万円,14.8万円,ワンルーム,36.45m2
ズーム新宿夏目坂,東京都新宿区若松町,"
都営大江戸線/若松河田駅 歩4分
都営大江戸線/牛込柳町駅 歩6分
東京メトロ東西線/早稲田駅 歩7分
","
築3年
10階建
","
											4階",14.9万円,7000円,14.9万円,14.9万円,1K,36.95m2
ズーム新宿夏目坂,東京都新宿区若松町,"
都営大江戸線/若松河田駅 歩4分
都営大江戸線/牛込柳町駅 歩6分
東京メトロ東西線/早稲田駅 歩7分
","
築3年
10階建
","
											5階",15万円,7000円,-,-,1K,36.95m2
ズーム新宿夏目坂,東京都新宿区若松町,"
都営大江戸線/若松河田駅 歩4分
都営大江戸線/牛込柳町駅 歩6分
東京メトロ東西線/早稲田駅 歩7分
","
築3年
10階建
","
											6階",15.1万円,7000円,15.1万円,15.1万円,2K,36.62m2
ズーム新宿夏目坂,東京都新宿区若松町,"
都営大江戸線/若松河田駅 歩4分
都営大江戸線/牛込柳町駅 歩6分
東京メトロ東西線/早稲田駅 歩7分
","
築3年
10階建
","
											7階",15.1万円,7000円,-,-,ワンルーム,34.2m2
ズーム新宿夏目坂,東京都新宿区若松町,"
都営大江戸線/若松河田駅 歩4分
都営大江戸線/牛込柳町駅 歩6分
東京メトロ東西線/早稲田駅 歩7分
","
築3年
10階建
","
											1階",19.2万円,7000円,19.2万円,19.2万円,1LDK,37.99m2
ヴェルデコート西新宿,東京都新宿区西新宿８,"
東京メトロ丸ノ内線/西新宿駅 歩4分
ＪＲ中央線/大久保駅 歩10分
西武新宿線/西武新宿駅 歩11分
","
築9年
12階建
","
											11階",18.6万円,-,18.6万円,18.6万円,1LDK,38.91m2
ヴェルデコート西新宿,東京都新宿区西新宿８,"
東京メトロ丸ノ内線/西新宿駅 歩4分
ＪＲ中央線/大久保駅 歩10分
西武新宿線/西武新宿駅 歩11分
","
築9年
12階建
","
											11階",18.6万円,-,18.6万円,18.6万円,1LDK,38.91m2
ヴェルデコート西新宿,東京都新宿区西新宿８,"
東京メトロ丸ノ内線/西新宿駅 歩4分
ＪＲ中央線/大久保駅 歩10分
西武新宿線/西武新宿駅 歩11分
","
築9年
12階建
","
											11階",18.7万円,-,18.7万円,18.7万円,1LDK,38.91m2
ヴェルデコート西新宿,東京都新宿区西新宿８,"
東京メトロ丸ノ内線/西新宿駅 歩4分
ＪＲ中央線/大久保駅 歩10分
西武新宿線/西武新宿駅 歩11分
","
築9年
12階建
","
											5階",19.2万円,-,19.2万円,19.2万円,1LDK,45.15m2
ヴェルデコート西新宿,東京都新宿区西新宿８,"
東京メトロ丸ノ内線/西新宿駅 歩4分
ＪＲ中央線/大久保駅 歩10分
西武新宿線/西武新宿駅 歩11分
","
築9年
12階建
","
											6階",19万円,2000円,19万円,19万円,1LDK,45.15m2
ヴェルデコート西新宿,東京都新宿区西新宿８,"
東京メトロ丸ノ内線/西新宿駅 歩4分
ＪＲ中央線/大久保駅 歩10分
西武新宿線/西武新宿駅 歩11分
","
築9年
12階建
","
											6階",19万円,2000円,19万円,19万円,1LDK,45.15m2
ヴェルデコート西新宿,東京都新宿区西新宿８,"
東京メトロ丸ノ内線/西新宿駅 歩4分
ＪＲ中央線/大久保駅 歩10分
西武新宿線/西武新宿駅 歩11分
","
築9年
12階建
","
											12階",18.9万円,3000円,18.9万円,18.9万円,1LDK,43.82m2
ヴェルデコート西新宿,東京都新宿区西新宿８,"
東京メトロ丸ノ内線/西新宿駅 歩4分
ＪＲ中央線/大久保駅 歩10分
西武新宿線/西武新宿駅 歩11分
","
築9年
12階建
","
											10階",20万円,7000円,20万円,20万円,1LDK,45.15m2
ヴェルデコート西新宿,東京都新宿区西新宿８,"
東京メトロ丸ノ内線/西新宿駅 歩4分
ＪＲ中央線/大久保駅 歩10分
西武新宿線/西武新宿駅 歩11分
","
築9年
12階建
","
											10階",20万円,7000円,20万円,20万円,1LDK,45.15m2
(仮称)プラチナスクエア新宿河田町,東京都新宿区河田町,"
都営大江戸線/若松河田駅 歩6分
都営新宿線/曙橋駅 歩7分
東京メトロ丸ノ内線/四谷三丁目駅 歩14分
","
新築
4階建
","
											1階",10.6万円,12000円,-,-,1DK,25.66m2
(仮称)プラチナスクエア新宿河田町,東京都新宿区河田町,"
都営大江戸線/若松河田駅 歩6分
都営新宿線/曙橋駅 歩7分
東京メトロ丸ノ内線/四谷三丁目駅 歩14分
","
新築
4階建
","
											2階",10.6万円,12000円,-,-,1DK,25.5m2
(仮称)プラチナスクエア新宿河田町,東京都新宿区河田町,"
都営大江戸線/若松河田駅 歩6分
都営新宿線/曙橋駅 歩7分
東京メトロ丸ノ内線/四谷三丁目駅 歩14分
","
新築
4階建
","
											1階",10.6万円,12000円,-,-,1DK,25.5m2
(仮称)プラチナスクエア新宿河田町,東京都新宿区河田町,"
都営大江戸線/若松河田駅 歩6分
都営新宿線/曙橋駅 歩7分
東京メトロ丸ノ内線/四谷三丁目駅 歩14分
","
新築
4階建
","
											2階",10.8万円,12000円,-,-,1DK,25.5m2
(仮称)プラチナスクエア新宿河田町,東京都新宿区河田町,"
都営大江戸線/若松河田駅 歩6分
都営新宿線/曙橋駅 歩7分
東京メトロ丸ノ内線/四谷三丁目駅 歩14分
","
新築
4階建
","
											3階",10.9万円,12000円,-,-,1DK,25.66m2
(仮称)プラチナスクエア新宿河田町,東京都新宿区河田町,"
都営大江戸線/若松河田駅 歩6分
都営新宿線/曙橋駅 歩7分
東京メトロ丸ノ内線/四谷三丁目駅 歩14分
","
新築
4階建
","
											3階",10.9万円,12000円,-,-,1DK,25.5m2
(仮称)プラチナスクエア新宿河田町,東京都新宿区河田町,"
都営大江戸線/若松河田駅 歩6分
都営新宿線/曙橋駅 歩7分
東京メトロ丸ノ内線/四谷三丁目駅 歩14分
","
新築
4階建
","
											3階",10.9万円,12000円,-,-,1DK,25.5m2
(仮称)プラチナスクエア新宿河田町,東京都新宿区河田町,"
都営大江戸線/若松河田駅 歩6分
都営新宿線/曙橋駅 歩7分
東京メトロ丸ノ内線/四谷三丁目駅 歩14分
","
新築
4階建
","
											4階",11万円,12000円,-,-,1DK,25.5m2
(仮称)プラチナスクエア新宿河田町,東京都新宿区河田町,"
都営大江戸線/若松河田駅 歩6分
都営新宿線/曙橋駅 歩7分
東京メトロ丸ノ内線/四谷三丁目駅 歩14分
","
新築
4階建
","
											2階",11万円,12000円,-,-,1DK,25.51m2
(仮称)プラチナスクエア新宿河田町,東京都新宿区河田町,"
都営大江戸線/若松河田駅 歩6分
都営新宿線/曙橋駅 歩7分
東京メトロ丸ノ内線/四谷三丁目駅 歩14分
","
新築
4階建
","
											2階",11万円,12000円,-,-,1DK,25.51m2
(仮称)プラチナスクエア新宿河田町,東京都新宿区河田町,"
都営大江戸線/若松河田駅 歩6分
都営新宿線/曙橋駅 歩7分
東京メトロ丸ノ内線/四谷三丁目駅 歩14分
","
新築
4階建
","
											1階",11万円,12000円,-,-,1DK,25.51m2
(仮称)プラチナスクエア新宿河田町,東京都新宿区河田町,"
都営大江戸線/若松河田駅 歩6分
都営新宿線/曙橋駅 歩7分
東京メトロ丸ノ内線/四谷三丁目駅 歩14分
","
新築
4階建
","
											1階",11万円,12000円,-,-,1DK,25.51m2
(仮称)プラチナスクエア新宿河田町,東京都新宿区河田町,"
都営大江戸線/若松河田駅 歩6分
都営新宿線/曙橋駅 歩7分
東京メトロ丸ノ内線/四谷三丁目駅 歩14分
","
新築
4階建
","
											3階",11.1万円,12000円,-,-,1DK,25.51m2
(仮称)プラチナスクエア新宿河田町,東京都新宿区河田町,"
都営大江戸線/若松河田駅 歩6分
都営新宿線/曙橋駅 歩7分
東京メトロ丸ノ内線/四谷三丁目駅 歩14分
","
新築
4階建
","
											3階",11.1万円,12000円,-,-,1DK,25.51m2
(仮称)プラチナスクエア新宿河田町,東京都新宿区河田町,"
都営大江戸線/若松河田駅 歩6分
都営新宿線/曙橋駅 歩7分
東京メトロ丸ノ内線/四谷三丁目駅 歩14分
","
新築
4階建
","
											1階",11.1万円,12000円,-,-,1DK,25.51m2
(仮称)プラチナスクエア新宿河田町,東京都新宿区河田町,"
都営大江戸線/若松河田駅 歩6分
都営新宿線/曙橋駅 歩7分
東京メトロ丸ノ内線/四谷三丁目駅 歩14分
","
新築
4階建
","
											1階",11.1万円,12000円,-,-,1DK,25.5m2
(仮称)プラチナスクエア新宿河田町,東京都新宿区河田町,"
都営大江戸線/若松河田駅 歩6分
都営新宿線/曙橋駅 歩7分
東京メトロ丸ノ内線/四谷三丁目駅 歩14分
","
新築
4階建
","
											1階",11.2万円,12000円,-,-,1DK,25.5m2
(仮称)プラチナスクエア新宿河田町,東京都新宿区河田町,"
都営大江戸線/若松河田駅 歩6分
都営新宿線/曙橋駅 歩7分
東京メトロ丸ノ内線/四谷三丁目駅 歩14分
","
新築
4階建
","
											1階",11.2万円,12000円,-,-,1DK,25.5m2
(仮称)プラチナスクエア新宿河田町,東京都新宿区河田町,"
都営大江戸線/若松河田駅 歩6分
都営新宿線/曙橋駅 歩7分
東京メトロ丸ノ内線/四谷三丁目駅 歩14分
","
新築
4階建
","
											1階",11.6万円,12000円,-,-,1DK,25.66m2
(仮称)プラチナスクエア新宿河田町,東京都新宿区河田町,"
都営大江戸線/若松河田駅 歩6分
都営新宿線/曙橋駅 歩7分
東京メトロ丸ノ内線/四谷三丁目駅 歩14分
","
新築
4階建
","
											2階",11.8万円,12000円,-,-,1DK,25.66m2
(仮称)プラチナスクエア新宿河田町,東京都新宿区河田町,"
都営大江戸線/若松河田駅 歩6分
都営新宿線/曙橋駅 歩7分
東京メトロ丸ノ内線/四谷三丁目駅 歩14分
","
新築
4階建
","
											1階",11.8万円,12000円,-,-,1DK,25.5m2
(仮称)プラチナスクエア新宿河田町,東京都新宿区河田町,"
都営大江戸線/若松河田駅 歩6分
都営新宿線/曙橋駅 歩7分
東京メトロ丸ノ内線/四谷三丁目駅 歩14分
","
新築
4階建
","
											2階",11.8万円,12000円,-,-,1DK,25.5m2
(仮称)プラチナスクエア新宿河田町,東京都新宿区河田町,"
都営大江戸線/若松河田駅 歩6分
都営新宿線/曙橋駅 歩7分
東京メトロ丸ノ内線/四谷三丁目駅 歩14分
","
新築
4階建
","
											3階",11.9万円,12000円,-,-,1DK,25.66m2
(仮称)プラチナスクエア新宿河田町,東京都新宿区河田町,"
都営大江戸線/若松河田駅 歩6分
都営新宿線/曙橋駅 歩7分
東京メトロ丸ノ内線/四谷三丁目駅 歩14分
","
新築
4階建
","
											3階",11.9万円,12000円,-,-,1DK,25.5m2
(仮称)プラチナスクエア新宿河田町,東京都新宿区河田町,"
都営大江戸線/若松河田駅 歩6分
都営新宿線/曙橋駅 歩7分
東京メトロ丸ノ内線/四谷三丁目駅 歩14分
","
新築
4階建
","
											3階",11.9万円,12000円,-,-,1DK,25.5m2
(仮称)プラチナスクエア新宿河田町,東京都新宿区河田町,"
都営大江戸線/若松河田駅 歩6分
都営新宿線/曙橋駅 歩7分
東京メトロ丸ノ内線/四谷三丁目駅 歩14分
","
新築
4階建
","
											2階",12万円,12000円,-,-,1DK,25.51m2
(仮称)プラチナスクエア新宿河田町,東京都新宿区河田町,"
都営大江戸線/若松河田駅 歩6分
都営新宿線/曙橋駅 歩7分
東京メトロ丸ノ内線/四谷三丁目駅 歩14分
","
新築
4階建
","
											2階",12万円,12000円,-,-,1DK,25.51m2
(仮称)プラチナスクエア新宿河田町,東京都新宿区河田町,"
都営大江戸線/若松河田駅 歩6分
都営新宿線/曙橋駅 歩7分
東京メトロ丸ノ内線/四谷三丁目駅 歩14分
","
新築
4階建
","
											4階",12万円,12000円,-,-,1DK,25.5m2
(仮称)プラチナスクエア新宿河田町,東京都新宿区河田町,"
都営大江戸線/若松河田駅 歩6分
都営新宿線/曙橋駅 歩7分
東京メトロ丸ノ内線/四谷三丁目駅 歩14分
","
新築
4階建
","
											3階",12.1万円,12000円,-,-,1DK,25.51m2
(仮称)プラチナスクエア新宿河田町,東京都新宿区河田町,"
都営大江戸線/若松河田駅 歩6分
都営新宿線/曙橋駅 歩7分
東京メトロ丸ノ内線/四谷三丁目駅 歩14分
","
新築
4階建
","
											1階",12.1万円,12000円,-,-,1DK,25.51m2
(仮称)プラチナスクエア新宿河田町,東京都新宿区河田町,"
都営大江戸線/若松河田駅 歩6分
都営新宿線/曙橋駅 歩7分
東京メトロ丸ノ内線/四谷三丁目駅 歩14分
","
新築
4階建
","
											3階",12.1万円,12000円,-,-,1DK,25.51m2
(仮称)プラチナスクエア新宿河田町,東京都新宿区河田町,"
都営大江戸線/若松河田駅 歩6分
都営新宿線/曙橋駅 歩7分
東京メトロ丸ノ内線/四谷三丁目駅 歩14分
","
新築
4階建
","
											1階",12.1万円,12000円,-,-,1DK,25.5m2
(仮称)プラチナスクエア新宿河田町,東京都新宿区河田町,"
都営大江戸線/若松河田駅 歩6分
都営新宿線/曙橋駅 歩7分
東京メトロ丸ノ内線/四谷三丁目駅 歩14分
","
新築
4階建
","
											4階",12.2万円,12000円,-,-,1DK,25.5m2
(仮称)プラチナスクエア新宿河田町,東京都新宿区河田町,"
都営大江戸線/若松河田駅 歩6分
都営新宿線/曙橋駅 歩7分
東京メトロ丸ノ内線/四谷三丁目駅 歩14分
","
新築
4階建
","
											1階",12.2万円,12000円,-,-,1DK,25.5m2
(仮称)プラチナスクエア新宿河田町,東京都新宿区河田町,"
都営大江戸線/若松河田駅 歩6分
都営新宿線/曙橋駅 歩7分
東京メトロ丸ノ内線/四谷三丁目駅 歩14分
","
新築
4階建
","
											1階",12.2万円,12000円,-,-,1DK,25.5m2
(仮称)プラチナスクエア新宿河田町,東京都新宿区河田町,"
都営大江戸線/若松河田駅 歩6分
都営新宿線/曙橋駅 歩7分
東京メトロ丸ノ内線/四谷三丁目駅 歩14分
","
新築
4階建
","
											4階",12.3万円,12000円,-,-,1DK,25.66m2
(仮称)プラチナスクエア新宿河田町,東京都新宿区河田町,"
都営大江戸線/若松河田駅 歩6分
都営新宿線/曙橋駅 歩7分
東京メトロ丸ノ内線/四谷三丁目駅 歩14分
","
新築
4階建
","
											4階",13.2万円,12000円,-,-,1DK,25.5m2
(仮称)プラチナスクエア新宿河田町,東京都新宿区河田町,"
都営大江戸線/若松河田駅 歩6分
都営新宿線/曙橋駅 歩7分
東京メトロ丸ノ内線/四谷三丁目駅 歩14分
","
新築
4階建
","
											4階",13.3万円,12000円,-,-,1DK,25.66m2
(仮称)プラチナスクエア新宿河田町,東京都新宿区河田町,"
都営大江戸線/若松河田駅 歩6分
都営新宿線/曙橋駅 歩7分
東京メトロ丸ノ内線/四谷三丁目駅 歩14分
","
新築
4階建
","
											2階",19.1万円,15000円,-,-,1LDK,40.55m2
(仮称)プラチナスクエア新宿河田町,東京都新宿区河田町,"
都営大江戸線/若松河田駅 歩6分
都営新宿線/曙橋駅 歩7分
東京メトロ丸ノ内線/四谷三丁目駅 歩14分
","
新築
4階建
","
											3階",19.3万円,15000円,-,-,1LDK,40.55m2
(仮称)プラチナスクエア新宿河田町,東京都新宿区河田町,"
都営大江戸線/若松河田駅 歩6分
都営新宿線/曙橋駅 歩7分
東京メトロ丸ノ内線/四谷三丁目駅 歩14分
","
新築
4階建
","
											3階",21.3万円,15000円,-,-,1LDK,40.55m2
(仮称)プラチナスクエア新宿河田町,東京都新宿区河田町,"
都営大江戸線/若松河田駅 歩6分
都営新宿線/曙橋駅 歩7分
東京メトロ丸ノ内線/四谷三丁目駅 歩14分
","
新築
4階建
","
											4階",21.5万円,15000円,-,-,1LDK,40.55m2
カサ・ラ・ヴィタ目白,東京都新宿区下落合３,"
ＪＲ山手線/目白駅 歩2分
東京メトロ副都心線/雑司が谷駅 歩13分
ＪＲ山手線/池袋駅 歩14分
","
築27年
5階建
","
											3階",12.9万円,10000円,25.8万円,-,1LDK,35.6m2
カサ・ラ・ヴィタ目白,東京都新宿区下落合３,"
ＪＲ山手線/目白駅 歩2分
東京メトロ副都心線/雑司が谷駅 歩13分
ＪＲ山手線/池袋駅 歩14分
","
築27年
5階建
","
											4階",13.9万円,10000円,27.8万円,-,2LDK,38.31m2
都営大江戸線 牛込神楽坂駅 3階建 築7年,東京都新宿区中町,"
都営大江戸線/牛込神楽坂駅 歩3分
東京メトロ東西線/神楽坂駅 歩12分
ＪＲ中央線/飯田橋駅 歩12分
","
築7年
3階建
","
											3階",17.5万円,5000円,17.5万円,17.5万円,1LDK,48.5m2
ＪＲ中央線 大久保駅 5階建 築3年,東京都新宿区北新宿１,"
ＪＲ中央線/大久保駅 歩6分
ＪＲ山手線/新大久保駅 歩10分
ＪＲ山手線/新宿駅 歩15分
","
築3年
5階建
","
											1階",12.2万円,15000円,12.2万円,12.2万円,1DK,25.5m2
ＪＲ中央線 大久保駅 5階建 築3年,東京都新宿区北新宿１,"
ＪＲ中央線/大久保駅 歩6分
ＪＲ山手線/新大久保駅 歩10分
ＪＲ山手線/新宿駅 歩15分
","
築3年
5階建
","
											4階",12.45万円,15000円,12.45万円,12.45万円,1DK,25.51m2
ＪＲ中央線 大久保駅 5階建 築3年,東京都新宿区北新宿１,"
ＪＲ中央線/大久保駅 歩6分
ＪＲ山手線/新大久保駅 歩10分
ＪＲ山手線/新宿駅 歩15分
","
築3年
5階建
","
											3階",12.5万円,15000円,12.5万円,12.5万円,1K,25.51m2
ＪＲ中央線 大久保駅 5階建 築3年,東京都新宿区北新宿１,"
ＪＲ中央線/大久保駅 歩6分
ＪＲ山手線/新大久保駅 歩10分
ＪＲ山手線/新宿駅 歩15分
","
築3年
5階建
","
											2階",12.85万円,15000円,12.85万円,12.85万円,1K,25.76m2
ＪＲ中央線 大久保駅 5階建 築3年,東京都新宿区北新宿１,"
ＪＲ中央線/大久保駅 歩6分
ＪＲ山手線/新大久保駅 歩10分
ＪＲ山手線/新宿駅 歩15分
","
築3年
5階建
","
											5階",20.45万円,18000円,20.45万円,40.9万円,1LDK,40.65m2
ＪＲ中央線 大久保駅 5階建 築3年,東京都新宿区北新宿１,"
ＪＲ中央線/大久保駅 歩6分
ＪＲ山手線/新大久保駅 歩10分
ＪＲ山手線/新宿駅 歩15分
","
築3年
5階建
","
											5階",20.45万円,20000円,20.45万円,20.45万円,1LDK,40.65m2
ＡＣＯＬＴ新宿落合,東京都新宿区北新宿４,"
東京メトロ東西線/落合駅 歩8分
ＪＲ中央線/東中野駅 歩8分
都営大江戸線/東中野駅 歩12分
","
築14年
地下1地上10階建
","
											4階",9.7万円,8000円,9.7万円,9.7万円,ワンルーム,25.24m2
ＡＣＯＬＴ新宿落合,東京都新宿区北新宿４,"
東京メトロ東西線/落合駅 歩8分
ＪＲ中央線/東中野駅 歩8分
都営大江戸線/東中野駅 歩12分
","
築14年
地下1地上10階建
","
											4階",10万円,8000円,10万円,10万円,1K,25.24m2
ＡＣＯＬＴ新宿落合,東京都新宿区北新宿４,"
東京メトロ東西線/落合駅 歩8分
ＪＲ中央線/東中野駅 歩8分
都営大江戸線/東中野駅 歩12分
","
築14年
地下1地上10階建
","
											1階",18.3万円,17000円,18.3万円,18.3万円,2LDK,66.75m2
ＡＣＯＬＴ新宿落合,東京都新宿区北新宿４,"
東京メトロ東西線/落合駅 歩8分
ＪＲ中央線/東中野駅 歩8分
都営大江戸線/東中野駅 歩12分
","
築14年
地下1地上10階建
","
											3階",23.8万円,17000円,23.8万円,23.8万円,2LDK,68.83m2
ＡＣＯＬＴ新宿落合,東京都新宿区北新宿４,"
東京メトロ東西線/落合駅 歩8分
ＪＲ中央線/東中野駅 歩8分
都営大江戸線/東中野駅 歩12分
","
築14年
地下1地上10階建
","
											8階",25万円,20000円,25万円,25万円,3LDK,82.92m2
ＪＲ中央線 東中野駅 地下1地上10階建 築14年,東京都新宿区北新宿４,"
ＪＲ中央線/東中野駅 歩8分
東京メトロ東西線/落合駅 歩8分
西武新宿線/中井駅 歩16分
","
築14年
地下1地上10階建
","
											4階",9.7万円,8000円,9.7万円,9.7万円,ワンルーム,25.24m2
ＪＲ中央線 東中野駅 地下1地上10階建 築14年,東京都新宿区北新宿４,"
ＪＲ中央線/東中野駅 歩8分
東京メトロ東西線/落合駅 歩8分
西武新宿線/中井駅 歩16分
","
築14年
地下1地上10階建
","
											1階",18.3万円,17000円,18.3万円,18.3万円,2LDK,66.75m2
ＪＲ中央線 東中野駅 地下1地上10階建 築14年,東京都新宿区北新宿４,"
ＪＲ中央線/東中野駅 歩8分
東京メトロ東西線/落合駅 歩8分
西武新宿線/中井駅 歩16分
","
築14年
地下1地上10階建
","
											3階",23.8万円,17000円,23.8万円,23.8万円,2LDK,68.83m2
ＪＲ中央線 東中野駅 地下1地上10階建 築14年,東京都新宿区北新宿４,"
ＪＲ中央線/東中野駅 歩8分
東京メトロ東西線/落合駅 歩8分
西武新宿線/中井駅 歩16分
","
築14年
地下1地上10階建
","
											8階",25万円,20000円,25万円,25万円,3LDK,82.92m2
東京メトロ東西線 神楽坂駅 12階建 築6年,東京都新宿区早稲田鶴巻町,"
東京メトロ東西線/神楽坂駅 歩10分
東京メトロ有楽町線/江戸川橋駅 歩5分
都営大江戸線/牛込柳町駅 歩15分
","
築6年
12階建
","
											6階",11.4万円,7500円,-,11.4万円,1K,30.12m2
東京メトロ東西線 神楽坂駅 12階建 築6年,東京都新宿区早稲田鶴巻町,"
東京メトロ東西線/神楽坂駅 歩10分
東京メトロ有楽町線/江戸川橋駅 歩5分
都営大江戸線/牛込柳町駅 歩15分
","
築6年
12階建
","
											9階",14万円,7500円,-,14万円,1DK,35.88m2
東京メトロ東西線 神楽坂駅 12階建 築6年,東京都新宿区早稲田鶴巻町,"
東京メトロ東西線/神楽坂駅 歩10分
東京メトロ有楽町線/江戸川橋駅 歩5分
都営大江戸線/牛込柳町駅 歩15分
","
築6年
12階建
","
											9階",14万円,7500円,-,14万円,1DK,35.88m2
プライムアーバン神楽坂,東京都新宿区山吹町,"
東京メトロ有楽町線/江戸川橋駅 歩3分
東京メトロ東西線/神楽坂駅 歩8分
都営大江戸線/牛込神楽坂駅 歩16分
","
築15年
11階建
","
											4階",9.1万円,8000円,9.1万円,-,1K,20.48m2
プライムアーバン神楽坂,東京都新宿区山吹町,"
東京メトロ有楽町線/江戸川橋駅 歩3分
東京メトロ東西線/神楽坂駅 歩8分
都営大江戸線/牛込神楽坂駅 歩16分
","
築15年
11階建
","
											6階",9.3万円,8000円,9.3万円,-,1K,21.05m2
プライムアーバン神楽坂,東京都新宿区山吹町,"
東京メトロ有楽町線/江戸川橋駅 歩3分
東京メトロ東西線/神楽坂駅 歩8分
都営大江戸線/牛込神楽坂駅 歩16分
","
築15年
11階建
","
											4階",9.8万円,8000円,9.8万円,9.8万円,1K,20.48m2
プライムアーバン神楽坂,東京都新宿区山吹町,"
東京メトロ有楽町線/江戸川橋駅 歩3分
東京メトロ東西線/神楽坂駅 歩8分
都営大江戸線/牛込神楽坂駅 歩16分
","
築15年
11階建
","
											6階",10万円,8000円,10万円,10万円,1K,21.05m2
プライムアーバン神楽坂,東京都新宿区山吹町,"
東京メトロ有楽町線/江戸川橋駅 歩3分
東京メトロ東西線/神楽坂駅 歩8分
都営大江戸線/牛込神楽坂駅 歩16分
","
築15年
11階建
","
											9階",16.3万円,12000円,16.3万円,-,1LDK,37.96m2
プライムアーバン神楽坂,東京都新宿区山吹町,"
東京メトロ有楽町線/江戸川橋駅 歩3分
東京メトロ東西線/神楽坂駅 歩8分
都営大江戸線/牛込神楽坂駅 歩16分
","
築15年
11階建
","
											9階",16.9万円,9000円,16.9万円,-,1LDK,38.51m2
プライムアーバン神楽坂,東京都新宿区山吹町,"
東京メトロ有楽町線/江戸川橋駅 歩3分
東京メトロ東西線/神楽坂駅 歩8分
都営大江戸線/牛込神楽坂駅 歩16分
","
築15年
11階建
","
											9階",16.9万円,9000円,16.9万円,-,1LDK,38.51m2
プライムアーバン神楽坂,東京都新宿区山吹町,"
東京メトロ有楽町線/江戸川橋駅 歩3分
東京メトロ東西線/神楽坂駅 歩8分
都営大江戸線/牛込神楽坂駅 歩16分
","
築15年
11階建
","
											9階",16.6万円,12000円,16.6万円,-,1LDK,37.96m2
プライムアーバン神楽坂,東京都新宿区山吹町,"
東京メトロ有楽町線/江戸川橋駅 歩3分
東京メトロ東西線/神楽坂駅 歩8分
都営大江戸線/牛込神楽坂駅 歩16分
","
築15年
11階建
","
											11階",16.8万円,12000円,16.8万円,-,1LDK,38.51m2
プライムアーバン神楽坂,東京都新宿区山吹町,"
東京メトロ有楽町線/江戸川橋駅 歩3分
東京メトロ東西線/神楽坂駅 歩8分
都営大江戸線/牛込神楽坂駅 歩16分
","
築15年
11階建
","
											9階",17万円,12000円,17万円,17万円,1LDK,37.96m2
プライムアーバン神楽坂,東京都新宿区山吹町,"
東京メトロ有楽町線/江戸川橋駅 歩3分
東京メトロ東西線/神楽坂駅 歩8分
都営大江戸線/牛込神楽坂駅 歩16分
","
築15年
11階建
","
											9階",17.3万円,12000円,17.3万円,17.3万円,1LDK,38.51m2
プライムアーバン神楽坂,東京都新宿区山吹町,"
東京メトロ有楽町線/江戸川橋駅 歩3分
東京メトロ東西線/神楽坂駅 歩8分
都営大江戸線/牛込神楽坂駅 歩16分
","
築15年
11階建
","
											11階",17.5万円,12000円,17.5万円,17.5万円,1LDK,38.51m2
レガリス新宿落合,東京都新宿区上落合１,"
都営大江戸線/中井駅 歩5分
東京メトロ東西線/落合駅 歩5分
ＪＲ中央線/東中野駅 歩11分
","
築4年
4階建
","
											1階",9.65万円,10000円,9.65万円,9.65万円,1K,25.38m2
レガリス新宿落合,東京都新宿区上落合１,"
都営大江戸線/中井駅 歩5分
東京メトロ東西線/落合駅 歩5分
ＪＲ中央線/東中野駅 歩11分
","
築4年
4階建
","
											1階",9.65万円,10000円,9.65万円,9.65万円,1K,25.38m2
レガリス新宿落合,東京都新宿区上落合１,"
都営大江戸線/中井駅 歩5分
東京メトロ東西線/落合駅 歩5分
ＪＲ中央線/東中野駅 歩11分
","
築4年
4階建
","
											2階",9.75万円,10000円,9.75万円,9.75万円,1K,25.38m2
レガリス新宿落合,東京都新宿区上落合１,"
都営大江戸線/中井駅 歩5分
東京メトロ東西線/落合駅 歩5分
ＪＲ中央線/東中野駅 歩11分
","
築4年
4階建
","
											1階",9.9万円,10000円,9.9万円,9.9万円,1K,25.38m2
レガリス新宿落合,東京都新宿区上落合１,"
都営大江戸線/中井駅 歩5分
東京メトロ東西線/落合駅 歩5分
ＪＲ中央線/東中野駅 歩11分
","
築4年
4階建
","
											2階",9.9万円,10000円,9.9万円,9.9万円,1K,25.38m2
レガリス新宿落合,東京都新宿区上落合１,"
都営大江戸線/中井駅 歩5分
東京メトロ東西線/落合駅 歩5分
ＪＲ中央線/東中野駅 歩11分
","
築4年
4階建
","
											2階",9.95万円,10000円,9.95万円,9.95万円,1K,25.38m2
レガリス新宿落合,東京都新宿区上落合１,"
都営大江戸線/中井駅 歩5分
東京メトロ東西線/落合駅 歩5分
ＪＲ中央線/東中野駅 歩11分
","
築4年
4階建
","
											3階",10.15万円,10000円,10.15万円,10.15万円,1K,25.38m2
メゾン・ド・コリーヌ市ヶ谷,東京都新宿区市谷田町３,"
東京メトロ南北線/市ケ谷駅 歩5分
都営大江戸線/牛込神楽坂駅 歩8分
東京メトロ南北線/飯田橋駅 歩11分
","
築10年
6階建
","
											4階",15.6万円,10000円,15.6万円,15.6万円,1LDK,37.38m2
メゾン・ド・コリーヌ市ヶ谷,東京都新宿区市谷田町３,"
東京メトロ南北線/市ケ谷駅 歩5分
都営大江戸線/牛込神楽坂駅 歩8分
東京メトロ南北線/飯田橋駅 歩11分
","
築10年
6階建
","
											2階",18.3万円,10000円,18.3万円,18.3万円,1LDK,46.21m2
メゾン・ド・コリーヌ市ヶ谷,東京都新宿区市谷田町３,"
東京メトロ南北線/市ケ谷駅 歩5分
都営大江戸線/牛込神楽坂駅 歩8分
東京メトロ南北線/飯田橋駅 歩11分
","
築10年
6階建
","
											2階",18.3万円,10000円,18.3万円,18.3万円,1LDK,46.21m2
メゾン・ド・コリーヌ市ヶ谷,東京都新宿区市谷田町３,"
東京メトロ南北線/市ケ谷駅 歩5分
都営大江戸線/牛込神楽坂駅 歩8分
東京メトロ南北線/飯田橋駅 歩11分
","
築10年
6階建
","
											5階",33万円,12000円,33万円,33万円,2LDK,78.82m2
メゾン・ド・コリーヌ市ヶ谷,東京都新宿区市谷田町３,"
東京メトロ南北線/市ケ谷駅 歩5分
都営大江戸線/牛込神楽坂駅 歩8分
東京メトロ南北線/飯田橋駅 歩11分
","
築10年
6階建
","
											4階",33万円,12000円,33万円,33万円,3LDK,78.12m2
エステムプラザ飯田橋タワーレジデンス,東京都新宿区新小川町,"
東京メトロ東西線/飯田橋駅 歩8分
東京メトロ丸ノ内線/後楽園駅 歩13分
東京メトロ東西線/神楽坂駅 歩15分
","
築11年
14階建
","
											2階",10.59万円,12050円,10.59万円,10.59万円,1DK,26.2m2
エステムプラザ飯田橋タワーレジデンス,東京都新宿区新小川町,"
東京メトロ東西線/飯田橋駅 歩8分
東京メトロ丸ノ内線/後楽園駅 歩13分
東京メトロ東西線/神楽坂駅 歩15分
","
築11年
14階建
","
											2階",10.6万円,12050円,10.6万円,10.6万円,1DK,26.2m2
エステムプラザ飯田橋タワーレジデンス,東京都新宿区新小川町,"
東京メトロ東西線/飯田橋駅 歩8分
東京メトロ丸ノ内線/後楽園駅 歩13分
東京メトロ東西線/神楽坂駅 歩15分
","
築11年
14階建
","
											4階",11万円,12050円,11万円,-,1DK,26.2m2
エステムプラザ飯田橋タワーレジデンス,東京都新宿区新小川町,"
東京メトロ東西線/飯田橋駅 歩8分
東京メトロ丸ノ内線/後楽園駅 歩13分
東京メトロ東西線/神楽坂駅 歩15分
","
築11年
14階建
","
											9階",11万円,13000円,-,-,1DK,26.2m2
エステムプラザ飯田橋タワーレジデンス,東京都新宿区新小川町,"
東京メトロ東西線/飯田橋駅 歩8分
東京メトロ丸ノ内線/後楽園駅 歩13分
東京メトロ東西線/神楽坂駅 歩15分
","
築11年
14階建
","
											8階",11.1万円,12050円,11.1万円,-,1DK,26.2m2
エステムプラザ飯田橋タワーレジデンス,東京都新宿区新小川町,"
東京メトロ東西線/飯田橋駅 歩8分
東京メトロ丸ノ内線/後楽園駅 歩13分
東京メトロ東西線/神楽坂駅 歩15分
","
築11年
14階建
","
											4階",11.8万円,7000円,-,11.8万円,1DK,26.2m2
エステムプラザ飯田橋タワーレジデンス,東京都新宿区新小川町,"
東京メトロ東西線/飯田橋駅 歩8分
東京メトロ丸ノ内線/後楽園駅 歩13分
東京メトロ東西線/神楽坂駅 歩15分
","
築11年
14階建
","
											8階",11.3万円,12050円,11.3万円,-,1DK,26.2m2
エステムプラザ飯田橋タワーレジデンス,東京都新宿区新小川町,"
東京メトロ東西線/飯田橋駅 歩8分
東京メトロ丸ノ内線/後楽園駅 歩13分
東京メトロ東西線/神楽坂駅 歩15分
","
築11年
14階建
","
											8階",11.49万円,12050円,11.49万円,11.49万円,1DK,26.2m2
エステムプラザ飯田橋タワーレジデンス,東京都新宿区新小川町,"
東京メトロ東西線/飯田橋駅 歩8分
東京メトロ丸ノ内線/後楽園駅 歩13分
東京メトロ東西線/神楽坂駅 歩15分
","
築11年
14階建
","
											8階",11.5万円,12050円,11.5万円,11.5万円,1DK,26.2m2
ＪＲ中央線 飯田橋駅 14階建 築11年,東京都新宿区新小川町,"
ＪＲ中央線/飯田橋駅 歩6分
東京メトロ丸ノ内線/後楽園駅 歩12分
東京メトロ東西線/神楽坂駅 歩10分
","
築11年
14階建
","
											2階",10.6万円,12050円,10.6万円,10.6万円,1DK,26.2m2
ＪＲ中央線 飯田橋駅 14階建 築11年,東京都新宿区新小川町,"
ＪＲ中央線/飯田橋駅 歩6分
東京メトロ丸ノ内線/後楽園駅 歩12分
東京メトロ東西線/神楽坂駅 歩10分
","
築11年
14階建
","
											4階",10.99万円,12050円,10.99万円,-,1DK,26.2m2
ＪＲ中央線 飯田橋駅 14階建 築11年,東京都新宿区新小川町,"
ＪＲ中央線/飯田橋駅 歩6分
東京メトロ丸ノ内線/後楽園駅 歩12分
東京メトロ東西線/神楽坂駅 歩10分
","
築11年
14階建
","
											4階",11万円,12050円,11万円,-,1DK,26.2m2
ＪＲ中央線 飯田橋駅 14階建 築11年,東京都新宿区新小川町,"
ＪＲ中央線/飯田橋駅 歩6分
東京メトロ丸ノ内線/後楽園駅 歩12分
東京メトロ東西線/神楽坂駅 歩10分
","
築11年
14階建
","
											9階",11万円,13000円,-,-,1DK,26.2m2
ＪＲ中央線 飯田橋駅 14階建 築11年,東京都新宿区新小川町,"
ＪＲ中央線/飯田橋駅 歩6分
東京メトロ丸ノ内線/後楽園駅 歩12分
東京メトロ東西線/神楽坂駅 歩10分
","
築11年
14階建
","
											8階",11.1万円,12050円,11.1万円,-,1DK,26.2m2
ＪＲ中央線 飯田橋駅 14階建 築11年,東京都新宿区新小川町,"
ＪＲ中央線/飯田橋駅 歩6分
東京メトロ丸ノ内線/後楽園駅 歩12分
東京メトロ東西線/神楽坂駅 歩10分
","
築11年
14階建
","
											7階",11.5万円,10000円,11.5万円,5.75万円,1DK,26.2m2
ＪＲ中央線 飯田橋駅 14階建 築11年,東京都新宿区新小川町,"
ＪＲ中央線/飯田橋駅 歩6分
東京メトロ丸ノ内線/後楽園駅 歩12分
東京メトロ東西線/神楽坂駅 歩10分
","
築11年
14階建
","
											10階",11.3万円,12050円,11.3万円,11.3万円,1DK,26.2m2
ＪＲ中央線 飯田橋駅 14階建 築11年,東京都新宿区新小川町,"
ＪＲ中央線/飯田橋駅 歩6分
東京メトロ丸ノ内線/後楽園駅 歩12分
東京メトロ東西線/神楽坂駅 歩10分
","
築11年
14階建
","
											4階",11.3万円,12050円,11.3万円,-,1DK,26.2m2
ＪＲ中央線 飯田橋駅 14階建 築11年,東京都新宿区新小川町,"
ＪＲ中央線/飯田橋駅 歩6分
東京メトロ丸ノ内線/後楽園駅 歩12分
東京メトロ東西線/神楽坂駅 歩10分
","
築11年
14階建
","
											8階",11.49万円,12050円,11.49万円,11.49万円,1DK,26.2m2
ＪＲ中央線 飯田橋駅 14階建 築11年,東京都新宿区新小川町,"
ＪＲ中央線/飯田橋駅 歩6分
東京メトロ丸ノ内線/後楽園駅 歩12分
東京メトロ東西線/神楽坂駅 歩10分
","
築11年
14階建
","
											8階",11.5万円,12050円,11.5万円,11.5万円,1DK,26.2m2
ＪＲ中央線 飯田橋駅 14階建 築11年,東京都新宿区新小川町,"
ＪＲ中央線/飯田橋駅 歩6分
東京メトロ丸ノ内線/後楽園駅 歩12分
東京メトロ東西線/神楽坂駅 歩10分
","
築11年
14階建
","
											4階",11.5万円,12050円,11.5万円,11.5万円,1DK,26.2m2
ＪＲ中央線 飯田橋駅 14階建 築11年,東京都新宿区新小川町,"
ＪＲ中央線/飯田橋駅 歩6分
東京メトロ丸ノ内線/後楽園駅 歩12分
東京メトロ東西線/神楽坂駅 歩10分
","
築11年
14階建
","
											13階",23.5万円,25000円,23.5万円,23.5万円,2LDK,54m2
ＪＲ中央線 東中野駅 3階建 築12年,東京都新宿区北新宿３,"
ＪＲ中央線/東中野駅 歩8分
ＪＲ中央線/大久保駅 歩5分
東京メトロ丸ノ内線/中野坂上駅 歩15分
","
築12年
3階建
","
											3階",7.8万円,3000円,7.8万円,7.8万円,1K,20.09m2
ＪＲ中央線 東中野駅 3階建 築12年,東京都新宿区北新宿３,"
ＪＲ中央線/東中野駅 歩8分
ＪＲ中央線/大久保駅 歩5分
東京メトロ丸ノ内線/中野坂上駅 歩15分
","
築12年
3階建
","
											2階",8.2万円,3000円,8.2万円,8.2万円,1K,20.09m2
ＪＲ中央線 東中野駅 3階建 築12年,東京都新宿区北新宿３,"
ＪＲ中央線/東中野駅 歩8分
ＪＲ中央線/大久保駅 歩5分
東京メトロ丸ノ内線/中野坂上駅 歩15分
","
築12年
3階建
","
											3階",8.5万円,3000円,8.5万円,8.5万円,1K,24m2
la maison blanche 西早稲田,東京都新宿区高田馬場１,"
東京メトロ副都心線/西早稲田駅 歩2分
東京メトロ東西線/高田馬場駅 歩7分
ＪＲ山手線/高田馬場駅 歩10分
","
築2年
3階建
","
											2階",17.9万円,6000円,17.9万円,17.9万円,1LDK,43.34m2
都営新宿線 曙橋駅 5階建 築4年,東京都新宿区四谷坂町,"
都営新宿線/曙橋駅 歩4分
東京メトロ丸ノ内線/四谷三丁目駅 歩9分
ＪＲ中央線/四ツ谷駅 歩10分
","
築4年
5階建
","
											3階",11.6万円,10000円,11.6万円,-,1K,25.31m2
都営新宿線 曙橋駅 5階建 築4年,東京都新宿区四谷坂町,"
都営新宿線/曙橋駅 歩4分
東京メトロ丸ノ内線/四谷三丁目駅 歩9分
ＪＲ中央線/四ツ谷駅 歩10分
","
築4年
5階建
","
											3階",11.7万円,10000円,11.7万円,11.7万円,1K,25.31m2
都営新宿線 曙橋駅 5階建 築4年,東京都新宿区四谷坂町,"
都営新宿線/曙橋駅 歩4分
東京メトロ丸ノ内線/四谷三丁目駅 歩9分
ＪＲ中央線/四ツ谷駅 歩10分
","
築4年
5階建
","
											5階",11.9万円,10000円,11.9万円,-,1K,25.31m2
都営新宿線 曙橋駅 5階建 築4年,東京都新宿区四谷坂町,"
都営新宿線/曙橋駅 歩4分
東京メトロ丸ノ内線/四谷三丁目駅 歩9分
ＪＲ中央線/四ツ谷駅 歩10分
","
築4年
5階建
","
											2階",13万円,15000円,13万円,-,1DK,30.64m2
都営新宿線 曙橋駅 5階建 築4年,東京都新宿区四谷坂町,"
都営新宿線/曙橋駅 歩4分
東京メトロ丸ノ内線/四谷三丁目駅 歩9分
ＪＲ中央線/四ツ谷駅 歩10分
","
築4年
5階建
","
											3階",13.1万円,15000円,13.1万円,-,1DK,30.64m2
プライムアーバン市谷仲之町,東京都新宿区市谷仲之町,"
都営新宿線/曙橋駅 歩3分
都営大江戸線/牛込柳町駅 歩10分
東京メトロ丸ノ内線/四谷三丁目駅 歩10分
","
築16年
5階建
","
											3階",19.2万円,10000円,19.2万円,19.2万円,1LDK,44.1m2
ザ・パークハウス市ヶ谷,東京都新宿区市谷本村町,"
東京メトロ有楽町線/市ケ谷駅 歩4分
東京メトロ丸ノ内線/四ツ谷駅 歩11分
都営新宿線/曙橋駅 歩12分
","
築2年
地下1地上11階建
","
											3階",26.7万円,-,26.7万円,26.7万円,1LDK,47.54m2
ザ・パークハウス市ヶ谷,東京都新宿区市谷本村町,"
東京メトロ有楽町線/市ケ谷駅 歩4分
東京メトロ丸ノ内線/四ツ谷駅 歩11分
都営新宿線/曙橋駅 歩12分
","
築2年
地下1地上11階建
","
											7階",26.5万円,10000円,26.5万円,26.5万円,1LDK,47.11m2
京王新線 初台駅 3階建 築47年,東京都新宿区西新宿３,"
京王新線/初台駅 歩8分
都営大江戸線/都庁前駅 歩10分
ＪＲ山手線/新宿駅 歩13分
","
築47年
3階建
","
											1-3階",42万円,33500円,84万円,42万円,4LDK,144.58m2
京王新線 初台駅 3階建 築47年,東京都新宿区西新宿３,"
京王新線/初台駅 歩8分
都営大江戸線/都庁前駅 歩10分
ＪＲ山手線/新宿駅 歩13分
","
築47年
3階建
","
											1-3階",42万円,33500円,84万円,42万円,4LDK,144.58m2
東京メトロ東西線 早稲田駅 13階建 築5年,東京都新宿区弁天町,"
東京メトロ東西線/早稲田駅 歩6分
東京メトロ有楽町線/江戸川橋駅 歩12分
都営大江戸線/牛込柳町駅 歩10分
","
築5年
13階建
","
											3階",11万円,3000円,5.5万円,11万円,1K,27.03m2
東京メトロ東西線 早稲田駅 13階建 築5年,東京都新宿区弁天町,"
東京メトロ東西線/早稲田駅 歩6分
東京メトロ有楽町線/江戸川橋駅 歩12分
都営大江戸線/牛込柳町駅 歩10分
","
築5年
13階建
","
											5階",11万円,3000円,5.5万円,11万円,1K,26.91m2
東京メトロ東西線 早稲田駅 13階建 築5年,東京都新宿区弁天町,"
東京メトロ東西線/早稲田駅 歩6分
東京メトロ有楽町線/江戸川橋駅 歩12分
都営大江戸線/牛込柳町駅 歩10分
","
築5年
13階建
","
											5階",11.1万円,3000円,5.55万円,11.1万円,1K,26.91m2
東京メトロ東西線 早稲田駅 13階建 築5年,東京都新宿区弁天町,"
東京メトロ東西線/早稲田駅 歩6分
東京メトロ有楽町線/江戸川橋駅 歩12分
都営大江戸線/牛込柳町駅 歩10分
","
築5年
13階建
","
											8階",11.3万円,3000円,5.65万円,11.3万円,1K,27.03m2
東京メトロ東西線 早稲田駅 13階建 築5年,東京都新宿区弁天町,"
東京メトロ東西線/早稲田駅 歩6分
東京メトロ有楽町線/江戸川橋駅 歩12分
都営大江戸線/牛込柳町駅 歩10分
","
築5年
13階建
","
											3階",16.5万円,3000円,8.25万円,16.5万円,1LDK,42.74m2
東京メトロ東西線 早稲田駅 13階建 築5年,東京都新宿区弁天町,"
東京メトロ東西線/早稲田駅 歩6分
東京メトロ有楽町線/江戸川橋駅 歩12分
都営大江戸線/牛込柳町駅 歩10分
","
築5年
13階建
","
											6階",16.8万円,3000円,8.4万円,16.8万円,1LDK,42.74m2
東京メトロ東西線 早稲田駅 13階建 築5年,東京都新宿区弁天町,"
東京メトロ東西線/早稲田駅 歩6分
東京メトロ有楽町線/江戸川橋駅 歩12分
都営大江戸線/牛込柳町駅 歩10分
","
築5年
13階建
","
											10階",22万円,3000円,11万円,22万円,2LDK,54.55m2
東京メトロ東西線 早稲田駅 13階建 築5年,東京都新宿区弁天町,"
東京メトロ東西線/早稲田駅 歩6分
東京メトロ有楽町線/江戸川橋駅 歩12分
都営大江戸線/牛込柳町駅 歩10分
","
築5年
13階建
","
											8階",22.5万円,3000円,11.25万円,22.5万円,2LDK,54.55m2
レジディア中落合B,東京都新宿区中落合１,"
ＪＲ山手線/高田馬場駅 歩20分
都営大江戸線/中井駅 歩6分
西武新宿線/下落合駅 歩5分
","
築15年
7階建
","
											1階",7.7万円,10000円,7.7万円,-,ワンルーム,27.35m2
レジディア中落合B,東京都新宿区中落合１,"
ＪＲ山手線/高田馬場駅 歩20分
都営大江戸線/中井駅 歩6分
西武新宿線/下落合駅 歩5分
","
築15年
7階建
","
											1階",7.7万円,10000円,7.7万円,-,ワンルーム,24.09m2
レジディア中落合B,東京都新宿区中落合１,"
ＪＲ山手線/高田馬場駅 歩20分
都営大江戸線/中井駅 歩6分
西武新宿線/下落合駅 歩5分
","
築15年
7階建
","
											2階",7.9万円,10000円,7.9万円,-,1K,25.76m2
レジディア中落合B,東京都新宿区中落合１,"
ＪＲ山手線/高田馬場駅 歩20分
都営大江戸線/中井駅 歩6分
西武新宿線/下落合駅 歩5分
","
築15年
7階建
","
											3階",8万円,10000円,8万円,-,ワンルーム,23.71m2
レジディア中落合B,東京都新宿区中落合１,"
ＪＲ山手線/高田馬場駅 歩20分
都営大江戸線/中井駅 歩6分
西武新宿線/下落合駅 歩5分
","
築15年
7階建
","
											6階",8.3万円,10000円,8.3万円,-,ワンルーム,24.09m2
レジディア中落合B,東京都新宿区中落合１,"
ＪＲ山手線/高田馬場駅 歩20分
都営大江戸線/中井駅 歩6分
西武新宿線/下落合駅 歩5分
","
築15年
7階建
","
											1階",8.8万円,10000円,8.8万円,-,1K,26.86m2
レジディア中落合B,東京都新宿区中落合１,"
ＪＲ山手線/高田馬場駅 歩20分
都営大江戸線/中井駅 歩6分
西武新宿線/下落合駅 歩5分
","
築15年
7階建
","
											4階",9.4万円,10000円,9.4万円,-,1K,26.86m2
レジディア中落合B,東京都新宿区中落合１,"
ＪＲ山手線/高田馬場駅 歩20分
都営大江戸線/中井駅 歩6分
西武新宿線/下落合駅 歩5分
","
築15年
7階建
","
											3階",9.9万円,10000円,9.9万円,-,1K,32.79m2
リノ西落合,東京都新宿区西落合４,"
西武池袋線/東長崎駅 歩5分
都営大江戸線/落合南長崎駅 歩6分
西武新宿線/中井駅 歩11分
","
築4年
5階建
","
											4階",8万円,7000円,-,-,ワンルーム,21.66m2
リノ西落合,東京都新宿区西落合４,"
西武池袋線/東長崎駅 歩5分
都営大江戸線/落合南長崎駅 歩6分
西武新宿線/中井駅 歩11分
","
築4年
5階建
","
											5階",8万円,7000円,-,-,ワンルーム,21.66m2
リノ西落合,東京都新宿区西落合４,"
西武池袋線/東長崎駅 歩5分
都営大江戸線/落合南長崎駅 歩6分
西武新宿線/中井駅 歩11分
","
築4年
5階建
","
											5階",8万円,8000円,-,-,ワンルーム,21.66m2
リノ西落合,東京都新宿区西落合４,"
西武池袋線/東長崎駅 歩5分
都営大江戸線/落合南長崎駅 歩6分
西武新宿線/中井駅 歩11分
","
築4年
5階建
","
											4階",8万円,8000円,-,-,ワンルーム,21.66m2
